Position	Standard_Deviation	Average_Number_Peaks	Count
2:47641509-47641586	2.0854329217009422	3.5789473684210527	19
2:95849322-95849414	1.2192661113548779	6.6327683615819213	177
4:55598171-55598253	1.3204518093002322	7.5280898876404496	178
11:125490706-125490808	0.92140637333067521	8.0849673202614376	153
14:23652306-23652369	0.63147472679317285	4.1818181818181817	176
